{
  "MAE": 38147.669164307124,
  "MSE": 1733679659.6181374,
  "RMSE": 41637.47902573038,
  "R2_score": -1.9835002995525395
}