{
  "MAE": 85546.7765921951,
  "MSE": 17636546956.33038,
  "RMSE": 132802.66170649737,
  "R2_score": -19.30597777624446
}