{
  "MAE": 86854.17811472366,
  "MSE": 17936671272.7163,
  "RMSE": 133927.85846386218,
  "R2_score": -19.651528280758363
}