{
  "dataset": "date_smedebtsu",
  "model": "GRU",
  "num_test_samples": 19,
  "mean_ground_truth": "617237.9863157894",
  "mean_predictions": "380403.97",
  "MAE": 236834.03894736842,
  "MSE": 60093539716.031395,
  "RMSE": 245139.83706454444,
  "R2_score": -13.435846388930997,
  "test": [
    752180.0,
    687093.0,
    688523.0,
    682924.0,
    660605.0,
    630267.0,
    625141.0,
    580404.0,
    572913.0,
    545061.0,
    612754.9999999999,
    671583.0,
    647661.85,
    630908.85,
    612766.0,
    565378.0,
    544192.0,
    519097.04,
    498069.0
  ],
  "prediction": [
    381709.5,
    383561.4375,
    380208.0625,
    383441.5625,
    383325.15625,
    382718.28125,
    380170.46875,
    377930.1875,
    377517.5625,
    376957.6875,
    378341.71875,
    379119.65625,
    380448.5625,
    383079.46875,
    382830.0625,
    378527.25,
    378330.5625,
    379436.0,
    380021.8125
  ],
  "train": [
    228007.01,
    227988.31,
    265199.0,
    299453.0,
    290103.0,
    304337.0,
    293623.0,
    307582.0,
    287573.0,
    312521.0,
    284295.0,
    271678.0,
    297264.00000000006,
    287331.0,
    314666.0,
    295383.0,
    286473.88,
    296560.0,
    333696.0,
    389581.06,
    321167.0,
    327932.0,
    388439.59,
    386529.0,
    391061.0,
    421476.0,
    413633.0,
    401597.68,
    403755.0,
    405647.0,
    396616.0,
    406021.0,
    404459.0,
    411257.0,
    408584.0,
    389196.5,
    420706.0,
    426426.0,
    450791.0,
    450439.0,
    449273.0,
    489225.0,
    506917.95,
    485705.0,
    497365.0,
    456302.0,
    444785.0,
    428956.0,
    388344.0,
    376211.0,
    373450.0,
    356278.99999999994
  ],
  "val": [
    592977.0,
    584674.09,
    591573.18,
    628258.18,
    615377.18,
    621990.27,
    586053.27,
    591333.27,
    592730.27,
    568860.27,
    771441.0,
    731511.0,
    740047.0
  ]
}