{
  "MAE": 64901.605450000556,
  "MSE": 7384513316.320815,
  "RMSE": 85933.19100511057,
  "R2_score": -11.70805570629213
}