{
  "MAE": 59995.90465000048,
  "MSE": 6630251304.457325,
  "RMSE": 81426.355097458,
  "R2_score": -10.410041435979073
}