{
  "MAE": 29930.973160581954,
  "MSE": 2548742533.586808,
  "RMSE": 50485.072383693856,
  "R2_score": -4.427480099555343
}