{
  "MAE": 30361.177610467363,
  "MSE": 2554602173.9994035,
  "RMSE": 50543.07246299342,
  "R2_score": -4.439958049489797
}