{
  "MAE": 35038.932499999995,
  "MSE": 1724908435.5632243,
  "RMSE": 41532.01699367879,
  "R2_score": -0.9859869647573718
}