{
  "MAE": 46874.77044437453,
  "MSE": 3105894680.828765,
  "RMSE": 55730.55428424129,
  "R2_score": -4.6380232953570975
}