{
  "MAE": 37776.58499999996,
  "MSE": 2772844967.364449,
  "RMSE": 52657.81012693605,
  "R2_score": -4.904700330144254
}