{
  "MAE": 67299.15920807027,
  "MSE": 4559039003.344124,
  "RMSE": 67520.65612347175,
  "R2_score": -6.067906358006421
}