{
  "MAE": 81387.7088457495,
  "MSE": 9198205401.490517,
  "RMSE": 95907.27501858509,
  "R2_score": -9.590426511860745
}