{
  "MAE": 40728.51749999996,
  "MSE": 2997158143.4126725,
  "RMSE": 54746.30712123579,
  "R2_score": -5.382369330848095
}