{
  "MAE": 38287.56249999997,
  "MSE": 2945166973.571073,
  "RMSE": 54269.392603668166,
  "R2_score": -5.271655503951358
}