{
  "MAE": 164611.77811850025,
  "MSE": 27803745636.27413,
  "RMSE": 166744.55204375985,
  "R2_score": -42.10431878623303
}