{
  "MAE": 85512.4325,
  "MSE": 10860015022.818222,
  "RMSE": 104211.39583950606,
  "R2_score": -11.503764157976185
}