{
  "MAE": 69815.4325,
  "MSE": 9374978392.818222,
  "RMSE": 96824.47207611422,
  "R2_score": -9.793955493028582
}