{
  "dataset": "lag3_date_smedebtsu",
  "model": "GRU",
  "num_test_samples": 19,
  "mean_ground_truth": "617237.9863157894",
  "mean_predictions": "388173.06",
  "MAE": 229064.92546052634,
  "MSE": 56614894267.991905,
  "RMSE": 237938.84564734675,
  "R2_score": -12.600195975146914,
  "test": [
    752180.0,
    687093.0,
    688523.0,
    682924.0,
    660605.0,
    630267.0,
    625141.0,
    580404.0,
    572913.0,
    545061.0,
    612755.0,
    671583.0,
    647661.85,
    630908.85,
    612766.0,
    565378.0,
    544192.0,
    519097.04000000004,
    498069.0
  ],
  "prediction": [
    388794.46875,
    388515.875,
    388448.03125,
    389010.625,
    388434.65625,
    388359.3125,
    388440.5,
    388312.125,
    388093.28125,
    388121.5625,
    387642.25,
    387481.5,
    387032.6875,
    387934.34375,
    388301.25,
    388334.90625,
    388263.8125,
    388096.71875,
    387670.25
  ],
  "train": [
    299453.0,
    290103.0,
    304337.0,
    293623.0,
    307582.0,
    287573.0,
    312521.0,
    284295.0,
    271678.0,
    297264.0,
    287331.0,
    314666.0,
    295383.0,
    286473.88,
    296560.0,
    333696.0,
    389581.06,
    321167.0,
    327932.0,
    388439.59,
    386529.0,
    391061.0,
    421476.0,
    413633.0,
    401597.68,
    403755.0,
    405647.0,
    396616.0,
    406021.0,
    404459.0,
    411257.0,
    408584.0,
    389196.5,
    420706.0,
    426426.0,
    450791.0,
    450439.0,
    449273.0,
    489225.0,
    506917.95000000007,
    485705.0,
    497365.0,
    456302.0,
    444785.0,
    428956.0,
    388344.0,
    376211.0,
    373450.0,
    356279.0
  ],
  "val": [
    592977.0,
    584674.09,
    591573.18,
    628258.18,
    615377.18,
    621990.27,
    586053.27,
    591333.27,
    592730.27,
    568860.27,
    771441.0,
    731511.0,
    740047.0
  ]
}