{
  "MAE": 21435.839859688305,
  "MSE": 566658990.1329856,
  "RMSE": 23804.60018847167,
  "R2_score": -0.028636484879391633
}