{
  "MAE": 57754.46160000053,
  "MSE": 5020493148.724673,
  "RMSE": 70855.43838495866,
  "R2_score": -7.639798436823531
}