{
  "MAE": 62038.06097500058,
  "MSE": 5646685279.972049,
  "RMSE": 75144.42946734009,
  "R2_score": -8.717416438966724
}