{
  "MAE": 148654.12699327618,
  "MSE": 22858663787.571327,
  "RMSE": 151190.8191246126,
  "R2_score": -38.3376191958158
}