{
  "MAE": 28640.227765020914,
  "MSE": 1458022805.1731198,
  "RMSE": 38184.06480684213,
  "R2_score": -2.104821163963771
}