{
  "MAE": 52679.400400000086,
  "MSE": 5080751831.518578,
  "RMSE": 71279.39275497917,
  "R2_score": -6.876720981571378
}