{
  "MAE": 51865.75212500016,
  "MSE": 4918473323.697501,
  "RMSE": 70131.82817877701,
  "R2_score": -6.625139607436377
}