{
  "MAE": 22667.777274999855,
  "MSE": 1080254903.605007,
  "RMSE": 32867.2314563458,
  "R2_score": -1.3003743667714636
}