{
  "MAE": 25612.80012499969,
  "MSE": 1634589157.541611,
  "RMSE": 40430.05265321344,
  "R2_score": -2.4808145611400816
}