{
  "MAE": 95099.66865262238,
  "MSE": 13767290927.093681,
  "RMSE": 117334.09959212062,
  "R2_score": -22.692218096426263
}