{
  "MAE": 95789.08345125584,
  "MSE": 13898460024.13512,
  "RMSE": 117891.73009221266,
  "R2_score": -22.917947825758937
}