{
  "MAE": 38084.316027959576,
  "MSE": 1702031407.4343646,
  "RMSE": 41255.683334958405,
  "R2_score": -2.0896388032010766
}