{
  "MAE": 36506.15850399417,
  "MSE": 1543924917.5343852,
  "RMSE": 39292.80999794218,
  "R2_score": -1.8026335551785118
}