{
  "MAE": 69179.74250000052,
  "MSE": 7075086228.734499,
  "RMSE": 84113.53178136381,
  "R2_score": -11.175560672747823
}