{
  "MAE": 70576.44137500046,
  "MSE": 7360185288.560364,
  "RMSE": 85791.52224177144,
  "R2_score": -11.666189449335054
}