{
  "MAE": 75897.9240457035,
  "MSE": 6968287984.199294,
  "RMSE": 83476.27198311682,
  "R2_score": -9.802979950778099
}