{
  "MAE": 75777.99681174777,
  "MSE": 6958798769.874615,
  "RMSE": 83419.4148257743,
  "R2_score": -9.788268763133358
}