{
  "MAE": 71473.6825,
  "MSE": 7013770207.383225,
  "RMSE": 83748.25495127183,
  "R2_score": -11.731854708916432
}