{
  "MAE": 85175.75,
  "MSE": 16542667490.25,
  "RMSE": 128618.30153695079,
  "R2_score": -29.029332692146784
}