{
  "MAE": 31045.932499999995,
  "MSE": 1313745120.0332246,
  "RMSE": 36245.62208092482,
  "R2_score": -1.3847961222344445
}