{
  "MAE": 36998.30750000001,
  "MSE": 1555429186.008226,
  "RMSE": 39438.92982838437,
  "R2_score": -1.4113914851687603
}