{
  "MAE": 38011.490000000005,
  "MSE": 1660373808.6804006,
  "RMSE": 40747.68470331045,
  "R2_score": -1.5740877826295128
}