{
  "MAE": 31528.552567786042,
  "MSE": 2744067582.1748214,
  "RMSE": 52383.84848571954,
  "R2_score": -4.843419646287129
}