{
  "MAE": 31663.692179977952,
  "MSE": 2743083756.7754316,
  "RMSE": 52374.45710244099,
  "R2_score": -4.841324616009939
}