{
  "MAE": 94424.99,
  "MSE": 15596046109.3404,
  "RMSE": 124884.13073461496,
  "R2_score": -23.178646722502688
}