{
  "MAE": 39644.93912499983,
  "MSE": 1880420742.3507528,
  "RMSE": 43363.81835529192,
  "R2_score": -2.4134627989437405
}