{
  "MAE": 29198.335374999966,
  "MSE": 1019177360.1668512,
  "RMSE": 31924.55732139212,
  "R2_score": -0.8500774460220841
}