{
  "MAE": 100771.76207068894,
  "MSE": 15220359847.58853,
  "RMSE": 123370.8225132204,
  "R2_score": -25.192813598897434
}