{
  "MAE": 102070.94755252791,
  "MSE": 15618873078.960453,
  "RMSE": 124975.48991286433,
  "R2_score": -25.87861754115264
}