{
  "MAE": 24740.49929999982,
  "MSE": 1340231644.8950913,
  "RMSE": 36609.1743268691,
  "R2_score": -1.8539879903937266
}