{
  "MAE": 22977.777349999844,
  "MSE": 1270862824.377466,
  "RMSE": 35649.163024922,
  "R2_score": -1.7062689140540708
}