{
  "MAE": 63581.92041889734,
  "MSE": 6279750319.081504,
  "RMSE": 79244.87566449646,
  "R2_score": -8.735535750927372
}