{
  "MAE": 72712.02623666705,
  "MSE": 7984900811.242885,
  "RMSE": 89358.27220376905,
  "R2_score": -11.379041102837059
}