{
  "MAE": 26071.877994101495,
  "MSE": 1004903074.4309047,
  "RMSE": 31700.206220636876,
  "R2_score": -0.1570030997110472
}