{
  "MAE": 90337.7070028743,
  "MSE": 10196701294.257845,
  "RMSE": 100978.71703610542,
  "R2_score": -14.808009068471092
}