{
  "MAE": 80287.83223190975,
  "MSE": 7780310473.444748,
  "RMSE": 88206.06823481448,
  "R2_score": -11.061863437050597
}