{
  "MAE": 25016.91952270613,
  "MSE": 1386365360.7358258,
  "RMSE": 37233.92754915637,
  "R2_score": -0.5962027189654744
}