{
  "MAE": 64908.71423459501,
  "MSE": 5329498381.96478,
  "RMSE": 73003.41349529335,
  "R2_score": -10.349026442470617
}