{
  "MAE": 32759.708850000025,
  "MSE": 1231920078.3160443,
  "RMSE": 35098.7190409571,
  "R2_score": -1.2362619513262643
}