{
  "MAE": 34179.123274999845,
  "MSE": 1396057978.88868,
  "RMSE": 37363.859261172154,
  "R2_score": -1.5342158107380692
}