{
  "MAE": 29045.90068185702,
  "MSE": 1144455053.9463594,
  "RMSE": 33829.79535773693,
  "R2_score": -1.0774897147887152
}