{
  "MAE": 51163.39112499985,
  "MSE": 3847458232.2153916,
  "RMSE": 62027.882699761656,
  "R2_score": -5.98415798675942
}