{
  "MAE": 54728.160024999874,
  "MSE": 4327454788.331051,
  "RMSE": 65783.39295240898,
  "R2_score": -6.855479149635794
}