{
  "MAE": 50186.49388330706,
  "MSE": 3393068202.774699,
  "RMSE": 58250.04895083522,
  "R2_score": -2.906635901541616
}