{
  "MAE": 50306.37075463429,
  "MSE": 3420848766.4957404,
  "RMSE": 58488.022419087996,
  "R2_score": -2.938621273220539
}