{
  "MAE": 82286.49,
  "MSE": 17108907739.620403,
  "RMSE": 130801.02346549282,
  "R2_score": -25.52404546280666
}