{
  "MAE": 85201.49,
  "MSE": 17147000959.620403,
  "RMSE": 130946.55764708137,
  "R2_score": -25.58310161732463
}