{
  "MAE": 67514.49952499976,
  "MSE": 9437879820.819736,
  "RMSE": 97148.75099979277,
  "R2_score": -9.866377549469417
}