{
  "MAE": 78810.71604999976,
  "MSE": 9916005446.656874,
  "RMSE": 99579.1416244229,
  "R2_score": -10.416871268933988
}