{
  "MAE": 67250.34662500021,
  "MSE": 5884778038.18367,
  "RMSE": 76712.30695386282,
  "R2_score": -8.123207781513994
}