{
  "MAE": 68799.44225000024,
  "MSE": 6184220215.515887,
  "RMSE": 78639.81317065732,
  "R2_score": -8.587434840652824
}