{
  "MAE": 37530.154789800785,
  "MSE": 2514171637.6587467,
  "RMSE": 50141.516108497824,
  "R2_score": -4.353862287163245
}