{
  "MAE": 37949.729859119776,
  "MSE": 2654509829.0385933,
  "RMSE": 51521.93541627288,
  "R2_score": -4.652708769648003
}