{
  "MAE": 103757.5,
  "MSE": 19225428761.296448,
  "RMSE": 138655.79238277947,
  "R2_score": -32.08516204255863
}