{
  "MAE": 115692.5,
  "MSE": 18202172477.5,
  "RMSE": 134915.4271293687,
  "R2_score": -30.324233827078405
}