{
  "MAE": 119720.0675,
  "MSE": 20209782148.913223,
  "RMSE": 142161.11335000588,
  "R2_score": -33.77914201776758
}