{
  "dataset": "lag3_smedebtsu",
  "model": "GRU",
  "num_test_samples": 19,
  "mean_ground_truth": "617237.9863157894",
  "mean_predictions": "394441.7",
  "MAE": 222796.32184210527,
  "MSE": 53442562677.08923,
  "RMSE": 231176.47518095182,
  "R2_score": -11.83812917466508,
  "test": [
    752180.0,
    687093.0,
    688523.0,
    682924.0,
    660605.0,
    630267.0,
    625141.0,
    580404.0,
    572913.0,
    545061.0,
    612755.0,
    671583.0,
    647661.85,
    630908.85,
    612766.0,
    565378.0,
    544192.0,
    519097.04000000004,
    498069.0
  ],
  "prediction": [
    400649.34375,
    400725.15625,
    399629.15625,
    398108.5625,
    397312.875,
    396670.8125,
    395328.59375,
    394166.09375,
    392644.59375,
    391243.53125,
    389864.875,
    390588.34375,
    393309.03125,
    395168.40625,
    394878.4375,
    393747.125,
    391983.53125,
    390040.8125,
    388332.34375
  ],
  "train": [
    299453.0,
    290103.0,
    304337.0,
    293623.0,
    307582.0,
    287573.0,
    312521.0,
    284295.0,
    271678.0,
    297264.0,
    287331.0,
    314666.0,
    295383.0,
    286473.88,
    296560.0,
    333696.0,
    389581.06,
    321167.0,
    327932.0,
    388439.59,
    386529.0,
    391061.0,
    421476.0,
    413633.0,
    401597.68,
    403755.0,
    405647.0,
    396616.0,
    406021.0,
    404459.0,
    411257.0,
    408584.0,
    389196.5,
    420706.0,
    426426.0,
    450791.0,
    450439.0,
    449273.0,
    489225.0,
    506917.95000000007,
    485705.0,
    497365.0,
    456302.0,
    444785.0,
    428956.0,
    388344.0,
    376211.0,
    373450.0,
    356279.0
  ],
  "val": [
    592977.0,
    584674.09,
    591573.18,
    628258.18,
    615377.18,
    621990.27,
    586053.27,
    591333.27,
    592730.27,
    568860.27,
    771441.0,
    731511.0,
    740047.0
  ]
}