{
  "dataset": "lag3_smedebtsu",
  "model": "GRU",
  "num_test_samples": 19,
  "mean_ground_truth": "617237.9863157894",
  "mean_predictions": "372430.6",
  "MAE": 244807.39585526317,
  "MSE": 63850699204.11936,
  "RMSE": 252686.9589118508,
  "R2_score": -14.338402262408417,
  "test": [
    752180.0,
    687093.0,
    688523.0,
    682924.0,
    660605.0,
    630267.0,
    625141.0,
    580404.0,
    572913.0,
    545061.0,
    612755.0,
    671583.0,
    647661.85,
    630908.85,
    612766.0,
    565378.0,
    544192.0,
    519097.04000000004,
    498069.0
  ],
  "prediction": [
    376040.09375,
    376714.34375,
    375603.75,
    374091.0,
    374407.4375,
    373816.9375,
    372720.71875,
    372060.75,
    371197.6875,
    370057.40625,
    369574.4375,
    370355.78125,
    373168.25,
    373697.0625,
    372509.28125,
    371896.75,
    370602.3125,
    369193.0625,
    368474.15625
  ],
  "train": [
    299453.0,
    290103.0,
    304337.0,
    293623.0,
    307582.0,
    287573.0,
    312521.0,
    284295.0,
    271678.0,
    297264.0,
    287331.0,
    314666.0,
    295383.0,
    286473.88,
    296560.0,
    333696.0,
    389581.06,
    321167.0,
    327932.0,
    388439.59,
    386529.0,
    391061.0,
    421476.0,
    413633.0,
    401597.68,
    403755.0,
    405647.0,
    396616.0,
    406021.0,
    404459.0,
    411257.0,
    408584.0,
    389196.5,
    420706.0,
    426426.0,
    450791.0,
    450439.0,
    449273.0,
    489225.0,
    506917.95000000007,
    485705.0,
    497365.0,
    456302.0,
    444785.0,
    428956.0,
    388344.0,
    376211.0,
    373450.0,
    356279.0
  ],
  "val": [
    592977.0,
    584674.09,
    591573.18,
    628258.18,
    615377.18,
    621990.27,
    586053.27,
    591333.27,
    592730.27,
    568860.27,
    771441.0,
    731511.0,
    740047.0
  ]
}