{
  "MAE": 37534.61044934747,
  "MSE": 1450321982.8855412,
  "RMSE": 38083.09313705415,
  "R2_score": -2.0884224657173744
}