{
  "MAE": 33471.95499999999,
  "MSE": 1526219527.6580985,
  "RMSE": 39066.859710733064,
  "R2_score": -0.7572249197664946
}