{
  "MAE": 25989.905425000034,
  "MSE": 1075163570.0016947,
  "RMSE": 32789.68694577145,
  "R2_score": -1.2895325059526357
}