{
  "MAE": 25063.217300000048,
  "MSE": 854580774.5598085,
  "RMSE": 29233.213551708755,
  "R2_score": -0.8198072525037088
}