{
  "MAE": 65789.87882499953,
  "MSE": 4963787981.247173,
  "RMSE": 70454.15517375234,
  "R2_score": -4.7150965369111395
}