{
  "MAE": 59058.883949999465,
  "MSE": 4159562650.0148745,
  "RMSE": 64494.67148544036,
  "R2_score": -3.7891453434302482
}