{
  "MAE": 32463.92606772817,
  "MSE": 1520610855.2562754,
  "RMSE": 38995.0106456746,
  "R2_score": -1.760312343501651
}