{
  "MAE": 32497.921524398553,
  "MSE": 1521659258.7399771,
  "RMSE": 39008.45111946868,
  "R2_score": -1.7622154741198686
}