{
  "MAE": 33783.81779007749,
  "MSE": 1213800504.0025744,
  "RMSE": 34839.63983744055,
  "R2_score": -0.8817624269716375
}