{
  "MAE": 62892.42692148904,
  "MSE": 4677728725.782745,
  "RMSE": 68393.92316414336,
  "R2_score": -7.49131932518938
}