{
  "MAE": 75481.87364448112,
  "MSE": 7904464306.232794,
  "RMSE": 88907.05431085204,
  "R2_score": -13.348700930183336
}