{
  "MAE": 54679.986553000286,
  "MSE": 4039391680.253011,
  "RMSE": 63556.20882536191,
  "R2_score": -5.951414709854403
}