{
  "MAE": 50367.61086506801,
  "MSE": 3548924351.555797,
  "RMSE": 59572.84911396967,
  "R2_score": -3.0860821106706693
}