{
  "MAE": 46613.789457247505,
  "MSE": 2981973294.9255357,
  "RMSE": 54607.447247839154,
  "R2_score": -2.4333185291907826
}