{
  "MAE": 69083.03599999941,
  "MSE": 5492240337.276402,
  "RMSE": 74109.65077016894,
  "R2_score": -5.323534335075588
}