{
  "MAE": 64058.15377499955,
  "MSE": 4869026476.060678,
  "RMSE": 69778.40981321284,
  "R2_score": -4.6059921287112235
}