{
  "MAE": 87540.22475000012,
  "MSE": 11267096975.78052,
  "RMSE": 106146.58249694391,
  "R2_score": -16.467450112398847
}