{
  "MAE": 89569.52950000022,
  "MSE": 10340501086.801607,
  "RMSE": 101688.25441909015,
  "R2_score": -15.030942776047304
}