{
  "MAE": 89622.75901050569,
  "MSE": 11996196976.820839,
  "RMSE": 109527.15177900335,
  "R2_score": -19.6443313072725
}