{
  "MAE": 89758.89851371144,
  "MSE": 12077516015.58058,
  "RMSE": 109897.75255017994,
  "R2_score": -19.784273755782536
}