{
  "MAE": 27816.084999999963,
  "MSE": 1204086138.3644485,
  "RMSE": 34699.94435679182,
  "R2_score": -1.5640697198734541
}