{
  "MAE": 35400.58499999996,
  "MSE": 1699657368.3644485,
  "RMSE": 41226.90102790226,
  "R2_score": -2.6193756023989767
}