{
  "MAE": 69254.4325,
  "MSE": 5201556377.583224,
  "RMSE": 72121.81623879992,
  "R2_score": -8.442205561555658
}