{
  "MAE": 74421.6825,
  "MSE": 5810480619.333224,
  "RMSE": 76226.50863927341,
  "R2_score": -9.547564697293664
}